User,Gender truth,Gender prediction,Age truth,Age prediction
JoeMiller4Ohio,Male,Male,>34,25-34
joshdcaplan,Male,Male,>34,25-34
MonicaDuran24,Female,Female,>34,25-34
heyadamroberts,Male,Female,>34,<25
Taylor_Budge,Female,Female,25-34,>34
BriannaForHD27,Female,Male,>34,>34
RepFletcher,Female,Female,>34,>34
alexhobern,Male,Female,25-34,<25
jordypizza,Male,Female,25-34,<25
EFMurphyIII,Male,Male,>34,>34
z_littell,Male,Female,<25,<25
Caedrel,Male,Female,<25,<25
RepBenMcAdams,Male,Female,>34,25-34
billmeltzer,Male,Male,>34,<25
AsmarBilal,Male,Female,<25,<25
seth_reeves,Male,Female,25-34,<25
CiaraSpeller,Female,Male,25-34,>34
SenatorNasheed,Male,Male,>34,25-34
LoganWebb1053,Male,Female,<25,<25
DrewDavis_FIU,Male,Female,25-34,>34
KerryDonovanSD5,Female,Female,>34,25-34
RepDennisBonnen,Male,Female,>34,>34
newswithnatalie,Female,Male,>34,>34
lamamfakih,Female,Male,>34,25-34
faith_suggs,Female,Female,<25,<25
SamConniff,Male,Female,>34,>34
MarkBullockNFL,Male,Female,25-34,>34
AlanAvi_,Male,Male,<25,>34
LucienSmith,Male,Female,25-34,>34
abc7JoshHaskell,Male,Male,>34,25-34
ShaneGetkate,Male,Female,25-34,>34
SamRosenstiel,Male,Male,<25,>34
alexebarker,Male,Male,>34,>34
NaeemDouglas,Male,Female,>34,>34
bgird2me,Male,Female,25-34,>34
FreyaRidings,Female,Female,25-34,<25
TylerServant,Male,Female,25-34,>34
pabloroblesg,Male,Female,>34,>34
Stewart4Liberty,Male,Male,>34,>34
Skyebolt20,Male,Female,25-34,<25
seanmccannsings,Male,Female,>34,25-34
JeremyVineOn5,Male,Female,>34,<25
davidmurrellv,Male,Male,<25,<25
stevencapleJR,Male,Male,25-34,>34
CByrneTD,Female,Female,>34,25-34
GinnyatSCMP,Female,Male,25-34,25-34
TheeMarkZ,Male,Female,25-34,<25
LydiaMihalik,Female,Female,>34,>34
HanPetersSA,Male,Male,>34,25-34
RepChipRoy,Male,Male,>34,>34
SylSaller,Female,Male,>34,>34
RamonGalindoNBC,Male,Male,>34,25-34
KelseyforKY,Female,Female,25-34,>34
willfowles,Male,Male,>34,25-34
andreparas95,Male,Female,<25,<25
KWCHKristen,Female,Female,25-34,<25
KOCOAlex,Female,Female,>34,>34
WRC_Stephanie,Female,Female,<25,>34
KevinMussoABC30,Male,Male,>34,>34
BenjiL0L,Male,Male,<25,<25
NintendudeX,Male,Female,25-34,<25
trythefish,Male,Female,25-34,<25
Des_Hardman,Male,Male,>34,25-34
arikalisanne,Female,Male,>34,>34
ematson09,Female,Male,25-34,>34
abc7ellen,Female,Female,>34,>34
StephanieKSN,Female,Male,>34,>34
MichelleRossKSN,Female,Female,25-34,<25
boonieves,Male,Female,25-34,<25
CharmaineBingwa,Female,Female,25-34,>34
megbonacorsi,Female,Female,25-34,>34
lucybreaden,Female,Female,>34,>34
BrendanBlumer,Male,Male,25-34,>34
G2Kantoraketti,Male,Female,<25,<25
robmailer,Male,Female,>34,>34
anna_ofthenorth,Female,Female,25-34,<25
PeterAttiaMD,Male,Male,>34,>34
NicholasJ0seph,Male,Female,25-34,<25
KieranMullanUK,Male,Female,>34,>34
TylerC_WMTW,Male,Female,25-34,>34
TomSwarbrick1,Male,Female,25-34,>34
Ry_mac35,Male,Female,<25,<25
jacobrday,Female,Female,>34,>34
NeilBradleyDC,Male,Male,>34,>34
RonySeikaly,Male,Female,>34,25-34
mikaeldaez,Male,Male,25-34,<25
lyndsay_barna,Female,Male,25-34,>34
Clowatkins,Female,Female,25-34,>34
DevilwalkCSGOD,Male,Female,25-34,<25
DavionBerry,Male,Female,25-34,<25
creetureshow,Male,Female,>34,<25
dantijerina,Female,Male,25-34,>34
GraceyWeather,Female,Male,>34,>34
jwat05,Male,Female,<25,>34
yvonnenbcla,Female,Male,>34,>34
AleksVicko,Male,Male,>34,>34
raymondyadiell,Male,Female,<25,<25
ChrispyFN,Male,Female,25-34,<25
SenChrisKetter,Male,Male,>34,>34
jsandberg,Male,Female,>34,>34
jsjaylward,Male,Male,>34,>34
marcosmchacon,Male,Female,>34,>34
WillWWMT,Male,Male,25-34,>34
rajeevkolasseri,Male,Female,>34,<25
RyanMoore,Male,Female,>34,>34
AnaEspinosaTV,Female,Male,25-34,>34
RoccoSupreme,Male,Male,>34,>34
zoetyler,Female,Female,>34,>34
rajkumar_rkg,Male,Female,>34,>34
Benno4Congress,Male,Male,>34,25-34
Hallsy20,Male,Female,<25,<25
lilymayers,Female,Male,25-34,>34
DickersonforS20,Male,Female,>34,>34
RenittaShannon,Female,Male,>34,25-34
IanSams,Male,Male,25-34,>34
seancuellar,Female,Female,>34,25-34
Fiona_Kildare,Female,Female,>34,25-34
pannshi,Female,Female,25-34,<25
PatrickKFOX14,Male,Male,>34,>34
Vandanaluthra,Female,Female,>34,25-34
inero,Male,Female,25-34,<25
KREMAlexa,Female,Male,25-34,25-34
ARomanoWDBJ,Male,Male,>34,<25
JustineHandelm1,Female,Male,>34,25-34
EsanSwan,Male,Male,25-34,<25
Femi_Sorry,Male,Male,25-34,>34
TJParkerABC13,Male,Male,25-34,25-34
RepEscobar,Female,Female,>34,25-34
MAEYBAUTISTA,Female,Female,>34,>34
MsReeezy,Female,Male,25-34,<25
Attila_LoL,Male,Female,25-34,<25
ClionaHagan,Female,Female,25-34,<25
BWalder_Wx,Male,Male,>34,>34
flanders4senate,Male,Male,>34,>34
okcspowell,Male,Male,>34,>34
TiffanyKSNT,Female,Female,25-34,<25
AllushinRL,Male,Female,25-34,<25
IamAkashDNayak,Male,Female,>34,>34
N_Picht,Male,Male,<25,<25
Venerated_NV,Female,Female,25-34,<25
MikeBarzMedia,Female,Male,>34,>34
_OwenWarner,Male,Female,<25,<25
VivianKwarm,Female,Female,25-34,<25
SteveJames,Male,Female,<25,<25
SarJnCharge,Female,Female,25-34,>34
BTUB40,Male,Female,>34,>34
benjnielsen,Male,Male,25-34,>34
Lalabandlala,Female,Female,25-34,<25
naterotman,Male,Male,>34,>34
JessBrohard,Female,Female,25-34,<25
doolsta,Male,Female,25-34,<25
HaHaDavis,Male,Female,25-34,<25
jaypryormusic,Male,Female,25-34,<25
philipcbaldwin,Male,Female,25-34,25-34
TLCoreJJ,Male,Female,25-34,<25
IanCalderon,Male,Female,>34,>34
Dorance_ALegend,Male,Female,<25,<25
BridieKConnell,Female,Female,25-34,<25
dilloncollier,Male,Male,25-34,>34
DillonMThomas,Male,Female,25-34,>34
abc7kimi,Female,Female,>34,>34
kathsstewart,Female,Male,>34,>34
dewamavhinga,Male,Female,>34,>34
VexylOfficial,Male,Female,25-34,<25
Blake_Bfield2,Male,Female,25-34,<25
TobiasRead,Male,Male,>34,>34
justmaxcollins,Female,Female,25-34,<25
DaronHall7,Male,Female,>34,>34
officialchevel,Female,Female,<25,>34
RanaSarkar_,Male,Female,>34,>34
SEN_Animal,Male,Male,25-34,<25
MadelainePisani,Female,Male,25-34,>34
thejordanconnor,Male,Female,25-34,>34
AndyTowle,Male,Male,>34,>34
JosephHudak3,Male,Female,>34,>34
sklasko,Male,Female,>34,>34
StevePriceMedia,Male,Male,>34,25-34
PaulDaviesPembs,Male,Female,>34,25-34
jokhdarh,Male,Male,>34,>34
MartinKaco,Male,Female,>34,25-34
BostonScott2,Male,Female,<25,<25
BrandonLongNews,Male,Male,25-34,25-34
AdamMac_WAPTWx,Male,Male,25-34,>34
bryanweather,Male,Male,>34,25-34
Kyle_Bird17,Male,Female,25-34,<25
abc7eileen,Female,Female,25-34,25-34
Aftabnuh,Male,Female,>34,>34
Stevenug14,Male,Female,25-34,>34
jreynosa1111,Female,Male,>34,>34
kiraklapper,Female,Female,25-34,<25
KUTVShauna,Female,Female,>34,>34
McGravy,Male,Female,<25,<25
AMcClungTV,Male,Female,25-34,>34
andrewbfeldman,Male,Female,25-34,<25
GregoryPlotkin,Male,Female,>34,>34
hthompsn,Female,Female,>34,>34
PeteFlores_TX,Male,Female,>34,>34
AshleyAReports,Female,Male,>34,>34
Del_Mak,Male,Female,25-34,25-34
mayurvermaa,Male,Female,25-34,>34
jordanmccoolTV,Female,Male,<25,>34
EthanHankins,Male,Female,<25,<25
qpalfrey,Male,Female,>34,>34
mysheenahalili,Female,Female,25-34,<25
brandank_cr,Male,Male,<25,>34
kaicash,Male,Female,<25,<25
siddarth_jain,Male,Female,>34,>34
TheRealDJHarvey,Male,Male,<25,<25
Shabdsharanbjp,Male,Female,>34,<25
LaurenCVaughan,Female,Female,>34,>34
bruceecurb,Male,Male,>34,>34
wannarotvill,Female,Female,25-34,>34
benz_punyaporn,Female,Male,25-34,>34
KREMCasey,Male,Female,25-34,<25
MarkwayneMullin,Male,Male,>34,25-34
PierceTurcotte,Male,Female,25-34,<25
RepSusanWild,Female,Female,>34,25-34
amandasaint5,Female,Female,25-34,>34
metrorailwaykol,Female,Male,25-34,>34
MausiSegun,Female,Male,>34,25-34
JeannieNguyenTV,Female,Female,25-34,<25
PremierLacrosse,Male,Male,>34,>34
billvanesveld,Male,Male,>34,25-34
MotorsportsNBC,Male,Male,>34,>34
caroline_szwed,Female,Female,25-34,<25
missellabell,Female,Female,25-34,<25
alfredpasifico,Male,Male,>34,>34
MirrorMoney,Male,Male,<25,>34
JoiDukesWRCB,Female,Male,25-34,>34
BraaadWx,Male,Female,25-34,25-34
BrendanSmithTD,Male,Male,>34,>34
MF_Excitee,Male,Female,<25,<25
FNCHylissang,Male,Female,<25,<25
Loony,Male,Female,25-34,<25
mrjloyd,Male,Female,25-34,<25
TravisIrvineUSA,Male,Male,>34,25-34
Drasdo,Male,Male,>34,>34
DevaLee,Female,Male,25-34,>34
a_roberts3,Male,Male,<25,25-34
SarafinaKSN,Female,Female,25-34,<25
a_film_maker,Male,Male,>34,>34
KWCHAnna,Female,Male,25-34,>34
kellymakena,Female,Male,25-34,>34
LibbyCokerLabor,Female,Male,>34,25-34
AlexSmithSMH,Female,Female,25-34,>34
MikeEspyMS,Male,Female,>34,<25
ajjanavelnews,Male,Male,25-34,>34
wyattnixonlloyd,Male,Male,25-34,>34
JMichaelsESPN,Male,Male,>34,25-34
MatthewBMcGrath,Male,Male,25-34,>34
mattox__,Male,Female,>34,<25
doinitBIGgio23,Male,Female,<25,<25
James5Crawford,Male,Female,25-34,<25
JoanneRyanLalor,Female,Female,>34,>34
areuready4dis,Male,Female,<25,<25
JanelleBitker,Female,Female,25-34,<25
shivan_sarna,Female,Male,25-34,25-34
Strafesh0t_,Male,Female,25-34,<25
JennaSudds,Female,Male,>34,>34
RakocevicT,Male,Female,>34,>34
Hurriwind,Male,Female,<25,<25
KimShineWNDU,Female,Female,25-34,<25
ShajiShaji1,Male,Male,>34,25-34
anttiellonen,Male,Male,25-34,>34
JoshLuke4Health,Male,Male,>34,>34
Lustyr6,Male,Female,<25,<25
juscochi,Female,Female,25-34,<25
aPureGangster,Male,Female,25-34,<25
KKennedy_WX,Female,Male,25-34,>34
ZachWilcox4,Male,Male,25-34,>34
trisha_andres,Female,Female,25-34,>34
PaulHamer,Male,Male,>34,>34
FabiolaCineas,Female,Male,25-34,>34
shrrycola,Female,Female,25-34,25-34
freemanjm,Male,Male,>34,<25
PhilTEspo,Male,Female,25-34,<25
SHendersonMP,Female,Male,>34,25-34
mai10pm,Female,Female,25-34,25-34
RiotMagus,Male,Female,>34,>34
natelege_,Female,Female,25-34,<25
B3RobertWalter,Male,Female,>34,>34
elisabethgp,Female,Male,25-34,<25
DrFauziaKhanNCP,Female,Male,>34,25-34
SandraMcCardell,Female,Female,>34,>34
MyJudgeKaren,Female,Male,>34,>34
KirstieMAllsopp,Female,Male,>34,>34
ConstanceHunter,Female,Female,25-34,>34
soundsofyoste,Male,Female,25-34,<25
apimientaDC,Male,Male,25-34,>34
Gary11_Clark,Male,Female,<25,<25
ParmishVerma,Male,Male,25-34,>34
dhairyaroy,Male,Female,>34,>34
Colton_FN,Male,Female,<25,<25
chantaladasilva,Female,Male,25-34,>34
lindseylares,Female,Male,25-34,>34
Jhagra,Male,Male,>34,>34
BrettHNews,Male,Male,25-34,>34
robinclutters,Female,Female,25-34,>34
GinoVento,Male,Female,>34,<25
ahmedfakhr,Male,Female,>34,25-34